task,fold,phase,population,partition,group,candidates,causally_eligible,retained,positive,negative,prevalence,censored,ambiguous,boundary,causally_ineligible,sigma_mean,tp_pips_mean,sl_pips_mean,tp_duration_open_mean,sl_duration_open_mean,timeout_duration_open_mean,regime_low_cut,regime_high_cut
fixed,2023Q2,inner,temporal,training,all,729406,627652,601046,170496,430550,0.2836654765192681,26605,0,1,101754,0.0010118158409039748,50.0,20.0,642.6364078922672,380.51494062105564,4320.0,0.0006147616437218142,0.0010795938224566098
fixed,2023Q2,inner,temporal,training,ineligible,101754,0,0,0,0,,0,0,0,101754,,,,,,,0.0006147616437218142,0.0010795938224566098
fixed,2023Q2,inner,temporal,training,low,209218,209218,203793,59391,144402,0.2914280667147547,5425,0,0,0,0.000425142223845051,50.0,20.0,766.5048576383628,462.3326352724171,4320.0,0.0006147616437218142,0.0010795938224566098
fixed,2023Q2,inner,temporal,training,middle,209218,209218,200662,58325,142337,0.29066290578186205,8556,0,0,0,0.0008255499374875495,50.0,20.0,639.6893270467209,386.4237806593159,4320.0,0.0006147616437218142,0.0010795938224566098
fixed,2023Q2,inner,temporal,training,high,209216,209216,196591,52780,143811,0.2684761764272017,12624,0,1,0,0.0017847627502933694,50.0,20.0,506.50941644562334,292.6125561598487,4320.0,0.0006147616437218142,0.0010795938224566098
fixed,2023Q2,inner,temporal,evaluation,all,154608,94074,91645,26061,65584,0.2843690326804517,2429,0,0,60534,0.0008578587466651544,50.0,20.0,819.3385902306128,417.27863503293486,,0.0006147616437218142,0.0010795938224566098
fixed,2023Q2,inner,temporal,evaluation,ineligible,60534,0,0,0,0,,0,0,0,60534,,,,,,,0.0006147616437218142,0.0010795938224566098
fixed,2023Q2,inner,temporal,evaluation,low,40078,40078,38944,11125,27819,0.2856665981922761,1134,0,0,0,0.0004297351666293669,50.0,20.0,832.798202247191,417.07006003091414,,0.0006147616437218142,0.0010795938224566098
fixed,2023Q2,inner,temporal,evaluation,middle,31828,31828,31001,8896,22105,0.2869584852101545,827,0,0,0,0.0008090744164062694,50.0,20.0,820.6360161870504,415.2046595792807,,0.0006147616437218142,0.0010795938224566098
fixed,2023Q2,inner,temporal,evaluation,high,22168,22168,21700,6040,15660,0.2783410138248848,468,0,0,0,0.001701915247213426,50.0,20.0,792.6365894039735,420.5766922094508,,0.0006147616437218142,0.0010795938224566098
fixed,2023Q2,inner,0.0005,training,all,68696,60056,57702,16272,41430,0.2820006238951856,2354,0,0,8640,0.0013752047151324909,50.0,20.0,516.7035398230089,290.57906302825404,4320.0,0.0008753988868057595,0.0014883154632853474
fixed,2023Q2,inner,0.0005,training,ineligible,8640,0,0,0,0,,0,0,0,8640,,,,,,,0.0008753988868057595,0.0014883154632853474
fixed,2023Q2,inner,0.0005,training,low,20020,20020,19486,5755,13731,0.29534024427794314,534,0,0,0,0.0006161538771045712,50.0,20.0,616.7198957428324,367.53826530612247,4320.0,0.0008753988868057595,0.0014883154632853474
fixed,2023Q2,inner,0.0005,training,middle,20018,20018,19135,5398,13737,0.28210086229422526,883,0,0,0,0.001147994794910199,50.0,20.0,529.737495368655,284.6906270482849,4320.0,0.0008753988868057595,0.0014883154632853474
fixed,2023Q2,inner,0.0005,training,high,20018,20018,19081,5119,13962,0.26827734395471936,937,0,0,0,0.002361541310213358,50.0,20.0,390.51650713029886,220.7297800702056,4320.0,0.0008753988868057595,0.0014883154632853474
fixed,2023Q2,inner,0.0005,evaluation,all,11420,7384,7246,2063,5183,0.2847088048578526,138,0,0,4036,0.0011498066071398685,50.0,20.0,721.6669898206495,353.638240401312,,0.0008753988868057595,0.0014883154632853474
fixed,2023Q2,inner,0.0005,evaluation,ineligible,4036,0,0,0,0,,0,0,0,4036,,,,,,,0.0008753988868057595,0.0014883154632853474
fixed,2023Q2,inner,0.0005,evaluation,low,3490,3490,3417,996,2421,0.2914837576821773,73,0,0,0,0.0005921823217855835,50.0,20.0,696.9036144578313,354.55431639818255,,0.0008753988868057595,0.0014883154632853474
fixed,2023Q2,inner,0.0005,evaluation,middle,2086,2086,2051,582,1469,0.2837640175524135,35,0,0,0,0.001132954134946767,50.0,20.0,783.9278350515464,372.99659632402995,,0.0008753988868057595,0.0014883154632853474
fixed,2023Q2,inner,0.0005,evaluation,high,1808,1808,1778,485,1293,0.2727784026996625,30,0,0,0,0.0022456379195741954,50.0,20.0,697.8082474226804,329.9296210363496,,0.0008753988868057595,0.0014883154632853474
fixed,2023Q2,inner,0.001,training,all,24254,21316,20511,5773,14738,0.28145872946223977,805,0,0,2938,0.0014539683457248623,50.0,20.0,496.8747618222761,273.48750848608285,4320.0,0.0009230957304622377,0.0015699329247801188
fixed,2023Q2,inner,0.001,training,ineligible,2938,0,0,0,0,,0,0,0,2938,,,,,,,0.0009230957304622377,0.0015699329247801188
fixed,2023Q2,inner,0.001,training,low,7106,7106,6918,2060,4858,0.2977739230991616,188,0,0,0,0.0006520132230214248,50.0,20.0,606.3354368932039,343.3785287451061,4320.0,0.0009230957304622377,0.0015699329247801188
fixed,2023Q2,inner,0.001,training,middle,7106,7106,6792,1884,4908,0.2773851590106007,314,0,0,0,0.0012138872870858016,50.0,20.0,514.9984076433121,273.6033007334963,,0.0009230957304622377,0.0015699329247801188
fixed,2023Q2,inner,0.001,training,high,7104,7104,6801,1829,4972,0.2689310395530069,303,0,0,0,0.0024962978931094048,50.0,20.0,354.9207217058502,205.11370497081907,4320.0,0.0009230957304622377,0.0015699329247801188
fixed,2023Q2,inner,0.001,evaluation,all,3852,2588,2537,714,1823,0.28143476547102875,51,0,0,1264,0.001216640127632259,50.0,20.0,680.8641456582633,346.7153044432255,,0.0009230957304622377,0.0015699329247801188
fixed,2023Q2,inner,0.001,evaluation,ineligible,1264,0,0,0,0,,0,0,0,1264,,,,,,,0.0009230957304622377,0.0015699329247801188
fixed,2023Q2,inner,0.001,evaluation,low,1220,1220,1191,345,846,0.28967254408060455,29,0,0,0,0.0006235518416881094,50.0,20.0,664.4289855072464,347.00354609929076,,0.0009230957304622377,0.0015699329247801188
fixed,2023Q2,inner,0.001,evaluation,middle,734,734,725,200,525,0.27586206896551724,9,0,0,0,0.0012011241486733,50.0,20.0,739.33,373.0933333333333,,0.0009230957304622377,0.0015699329247801188
fixed,2023Q2,inner,0.001,evaluation,high,634,634,621,169,452,0.2721417069243156,13,0,0,0,0.002375877410609765,50.0,20.0,645.2248520710059,315.53761061946904,,0.0009230957304622377,0.0015699329247801188
fixed,2023Q2,refit,temporal,training,all,892586,734096,704564,198619,505945,0.2819034182842155,29531,0,1,158490,0.000986683547684069,50.0,20.0,668.9049889486907,389.2760559145655,4320.0,0.0005987847677231071,0.0010496957282979185
fixed,2023Q2,refit,temporal,training,ineligible,158490,0,0,0,0,,0,0,0,158490,,,,,,,0.0005987847677231071,0.0010496957282979185
fixed,2023Q2,refit,temporal,training,low,244700,244700,238431,68319,170112,0.2865357273173371,6269,0,0,0,0.00041786521090911224,50.0,20.0,780.0373541767298,464.4359389345324,4320.0,0.0005987847677231071,0.0010496957282979185
fixed,2023Q2,refit,temporal,training,middle,244698,244698,235155,68174,166981,0.28991090982543427,9543,0,0,0,0.0008015002953725773,50.0,20.0,672.7319799336991,394.16965500704373,4320.0,0.0005987847677231071,0.0010496957282979185
fixed,2023Q2,refit,temporal,training,high,244698,244698,230978,62126,168852,0.26896933907125353,13719,0,1,0,0.001740689785916295,50.0,20.0,542.4948974664392,308.79560612701835,4320.0,0.0005987847677231071,0.0010496957282979185
fixed,2023Q2,refit,temporal,evaluation,all,123894,32,0,0,0,,32,0,0,123862,0.00020666601094911473,50.0,20.0,,,,0.0005987847677231071,0.0010496957282979185
fixed,2023Q2,refit,temporal,evaluation,ineligible,123862,0,0,0,0,,0,0,0,123862,,,,,,,0.0005987847677231071,0.0010496957282979185
fixed,2023Q2,refit,temporal,evaluation,low,32,32,0,0,0,,32,0,0,0,0.00020666601094911473,50.0,20.0,,,,0.0005987847677231071,0.0010496957282979185
fixed,2023Q2,refit,temporal,evaluation,middle,0,0,0,0,0,,0,0,0,0,,,,,,,0.0005987847677231071,0.0010496957282979185
fixed,2023Q2,refit,temporal,evaluation,high,0,0,0,0,0,,0,0,0,0,,,,,,,0.0005987847677231071,0.0010496957282979185
fixed,2023Q2,refit,0.0005,training,all,80680,68220,65678,18475,47203,0.28129662900819147,2542,0,0,12460,0.0013448542686780092,50.0,20.0,542.8728552097429,299.55869947648415,4320.0,0.0008507340054231317,0.0014555693782364336
fixed,2023Q2,refit,0.0005,training,ineligible,12460,0,0,0,0,,0,0,0,12460,,,,,,,0.0008507340054231317,0.0014555693782364336
fixed,2023Q2,refit,0.0005,training,low,22740,22740,22160,6494,15666,0.2930505415162455,580,0,0,0,0.0005980741446049976,50.0,20.0,632.3042808746535,370.58189600102213,4320.0,0.0008507340054231317,0.0014555693782364336
fixed,2023Q2,refit,0.0005,training,middle,22740,22740,21794,6136,15658,0.2815453794622373,946,0,0,0,0.0011190588555323995,50.0,20.0,561.2439700130378,297.35013737141395,4320.0,0.0008507340054231317,0.0014555693782364336
fixed,2023Q2,refit,0.0005,training,high,22740,22740,21724,5845,15879,0.26905726385564355,1016,0,0,0,0.00231742980589663,50.0,20.0,424.2256629597947,231.70590828924162,4320.0,0.0008507340054231317,0.0014555693782364336
fixed,2023Q2,refit,0.0005,evaluation,all,5690,0,0,0,0,,0,0,0,5690,,,,,,,0.0008507340054231317,0.0014555693782364336
fixed,2023Q2,refit,0.0005,evaluation,ineligible,5690,0,0,0,0,,0,0,0,5690,,,,,,,0.0008507340054231317,0.0014555693782364336
fixed,2023Q2,refit,0.0005,evaluation,low,0,0,0,0,0,,0,0,0,0,,,,,,,0.0008507340054231317,0.0014555693782364336
fixed,2023Q2,refit,0.0005,evaluation,middle,0,0,0,0,0,,0,0,0,0,,,,,,,0.0008507340054231317,0.0014555693782364336
fixed,2023Q2,refit,0.0005,evaluation,high,0,0,0,0,0,,0,0,0,0,,,,,,,0.0008507340054231317,0.0014555693782364336
fixed,2023Q2,refit,0.001,training,all,28326,24182,23310,6534,16776,0.2803088803088803,872,0,0,4144,0.0014223050045982296,50.0,20.0,520.2959902050811,283.5740696564886,4320.0,0.0008956672646796346,0.0015428735188964418
fixed,2023Q2,refit,0.001,training,ineligible,4144,0,0,0,0,,0,0,0,4144,,,,,,,0.0008956672646796346,0.0015428735188964418
fixed,2023Q2,refit,0.001,training,low,8062,8062,7852,2321,5531,0.2955934793683138,210,0,0,0,0.0006332118202040678,50.0,20.0,619.9685480396381,352.52225841476655,4320.0,0.0008956672646796346,0.0015428735188964418
fixed,2023Q2,refit,0.001,training,middle,8060,8060,7737,2133,5604,0.2756882512601784,323,0,0,0,0.001183786478522268,50.0,20.0,544.2409751523676,284.00428265524624,,0.0008956672646796346,0.0015428735188964418
fixed,2023Q2,refit,0.001,training,high,8060,8060,7721,2080,5641,0.26939515606786685,339,0,0,0,0.002450112519828748,50.0,20.0,384.51971153846154,215.5679318907414,4320.0,0.0008956672646796346,0.0015428735188964418
fixed,2023Q2,refit,0.001,evaluation,all,1682,0,0,0,0,,0,0,0,1682,,,,,,,0.0008956672646796346,0.0015428735188964418
fixed,2023Q2,refit,0.001,evaluation,ineligible,1682,0,0,0,0,,0,0,0,1682,,,,,,,0.0008956672646796346,0.0015428735188964418
fixed,2023Q2,refit,0.001,evaluation,low,0,0,0,0,0,,0,0,0,0,,,,,,,0.0008956672646796346,0.0015428735188964418
fixed,2023Q2,refit,0.001,evaluation,middle,0,0,0,0,0,,0,0,0,0,,,,,,,0.0008956672646796346,0.0015428735188964418
fixed,2023Q2,refit,0.001,evaluation,high,0,0,0,0,0,,0,0,0,0,,,,,,,0.0008956672646796346,0.0015428735188964418
fixed,2023Q3,inner,temporal,training,all,892586,734096,704564,198619,505945,0.2819034182842155,29531,0,1,158490,0.000986683547684069,50.0,20.0,668.9049889486907,389.2760559145655,4320.0,0.0005987847677231071,0.0010496957282979185
fixed,2023Q3,inner,temporal,training,ineligible,158490,0,0,0,0,,0,0,0,158490,,,,,,,0.0005987847677231071,0.0010496957282979185
fixed,2023Q3,inner,temporal,training,low,244700,244700,238431,68319,170112,0.2865357273173371,6269,0,0,0,0.00041786521090911224,50.0,20.0,780.0373541767298,464.4359389345324,4320.0,0.0005987847677231071,0.0010496957282979185
fixed,2023Q3,inner,temporal,training,middle,244698,244698,235155,68174,166981,0.28991090982543427,9543,0,0,0,0.0008015002953725773,50.0,20.0,672.7319799336991,394.16965500704373,4320.0,0.0005987847677231071,0.0010496957282979185
fixed,2023Q3,inner,temporal,training,high,244698,244698,230978,62126,168852,0.26896933907125353,13719,0,1,0,0.001740689785916295,50.0,20.0,542.4948974664392,308.79560612701835,4320.0,0.0005987847677231071,0.0010496957282979185
fixed,2023Q3,inner,temporal,evaluation,all,123894,32,0,0,0,,32,0,0,123862,0.00020666601094911473,50.0,20.0,,,,0.0005987847677231071,0.0010496957282979185
fixed,2023Q3,inner,temporal,evaluation,ineligible,123862,0,0,0,0,,0,0,0,123862,,,,,,,0.0005987847677231071,0.0010496957282979185
fixed,2023Q3,inner,temporal,evaluation,low,32,32,0,0,0,,32,0,0,0,0.00020666601094911473,50.0,20.0,,,,0.0005987847677231071,0.0010496957282979185
fixed,2023Q3,inner,temporal,evaluation,middle,0,0,0,0,0,,0,0,0,0,,,,,,,0.0005987847677231071,0.0010496957282979185
fixed,2023Q3,inner,temporal,evaluation,high,0,0,0,0,0,,0,0,0,0,,,,,,,0.0005987847677231071,0.0010496957282979185
fixed,2023Q3,inner,0.0005,training,all,80680,68220,65678,18475,47203,0.28129662900819147,2542,0,0,12460,0.0013448542686780092,50.0,20.0,542.8728552097429,299.55869947648415,4320.0,0.0008507340054231317,0.0014555693782364336
fixed,2023Q3,inner,0.0005,training,ineligible,12460,0,0,0,0,,0,0,0,12460,,,,,,,0.0008507340054231317,0.0014555693782364336
fixed,2023Q3,inner,0.0005,training,low,22740,22740,22160,6494,15666,0.2930505415162455,580,0,0,0,0.0005980741446049976,50.0,20.0,632.3042808746535,370.58189600102213,4320.0,0.0008507340054231317,0.0014555693782364336
fixed,2023Q3,inner,0.0005,training,middle,22740,22740,21794,6136,15658,0.2815453794622373,946,0,0,0,0.0011190588555323995,50.0,20.0,561.2439700130378,297.35013737141395,4320.0,0.0008507340054231317,0.0014555693782364336
fixed,2023Q3,inner,0.0005,training,high,22740,22740,21724,5845,15879,0.26905726385564355,1016,0,0,0,0.00231742980589663,50.0,20.0,424.2256629597947,231.70590828924162,4320.0,0.0008507340054231317,0.0014555693782364336
fixed,2023Q3,inner,0.0005,evaluation,all,5690,0,0,0,0,,0,0,0,5690,,,,,,,0.0008507340054231317,0.0014555693782364336
fixed,2023Q3,inner,0.0005,evaluation,ineligible,5690,0,0,0,0,,0,0,0,5690,,,,,,,0.0008507340054231317,0.0014555693782364336
fixed,2023Q3,inner,0.0005,evaluation,low,0,0,0,0,0,,0,0,0,0,,,,,,,0.0008507340054231317,0.0014555693782364336
fixed,2023Q3,inner,0.0005,evaluation,middle,0,0,0,0,0,,0,0,0,0,,,,,,,0.0008507340054231317,0.0014555693782364336
fixed,2023Q3,inner,0.0005,evaluation,high,0,0,0,0,0,,0,0,0,0,,,,,,,0.0008507340054231317,0.0014555693782364336
fixed,2023Q3,inner,0.001,training,all,28326,24182,23310,6534,16776,0.2803088803088803,872,0,0,4144,0.0014223050045982296,50.0,20.0,520.2959902050811,283.5740696564886,4320.0,0.0008956672646796346,0.0015428735188964418
fixed,2023Q3,inner,0.001,training,ineligible,4144,0,0,0,0,,0,0,0,4144,,,,,,,0.0008956672646796346,0.0015428735188964418
fixed,2023Q3,inner,0.001,training,low,8062,8062,7852,2321,5531,0.2955934793683138,210,0,0,0,0.0006332118202040678,50.0,20.0,619.9685480396381,352.52225841476655,4320.0,0.0008956672646796346,0.0015428735188964418
fixed,2023Q3,inner,0.001,training,middle,8060,8060,7737,2133,5604,0.2756882512601784,323,0,0,0,0.001183786478522268,50.0,20.0,544.2409751523676,284.00428265524624,,0.0008956672646796346,0.0015428735188964418
fixed,2023Q3,inner,0.001,training,high,8060,8060,7721,2080,5641,0.26939515606786685,339,0,0,0,0.002450112519828748,50.0,20.0,384.51971153846154,215.5679318907414,4320.0,0.0008956672646796346,0.0015428735188964418
fixed,2023Q3,inner,0.001,evaluation,all,1682,0,0,0,0,,0,0,0,1682,,,,,,,0.0008956672646796346,0.0015428735188964418
fixed,2023Q3,inner,0.001,evaluation,ineligible,1682,0,0,0,0,,0,0,0,1682,,,,,,,0.0008956672646796346,0.0015428735188964418
fixed,2023Q3,inner,0.001,evaluation,low,0,0,0,0,0,,0,0,0,0,,,,,,,0.0008956672646796346,0.0015428735188964418
fixed,2023Q3,inner,0.001,evaluation,middle,0,0,0,0,0,,0,0,0,0,,,,,,,0.0008956672646796346,0.0015428735188964418
fixed,2023Q3,inner,0.001,evaluation,high,0,0,0,0,0,,0,0,0,0,,,,,,,0.0008956672646796346,0.0015428735188964418
fixed,2023Q3,refit,temporal,training,all,1022394,734128,704564,198619,505945,0.2819034182842155,29563,0,1,288266,0.0009866495473991382,50.0,20.0,668.9049889486907,389.2760559145655,4320.0,0.0005987525170978386,0.0010496657727719462
fixed,2023Q3,refit,temporal,training,ineligible,288266,0,0,0,0,,0,0,0,288266,,,,,,,0.0005987525170978386,0.0010496657727719462
fixed,2023Q3,refit,temporal,training,low,244710,244710,238410,68315,170095,0.2865441885826937,6300,0,0,0,0.0004178213295435261,50.0,20.0,780.0406792066165,464.45361656042706,4320.0,0.0005987525170978386,0.0010496657727719462
fixed,2023Q3,refit,temporal,training,middle,244710,244710,235166,68176,166990,0.28990585373736,9544,0,0,0,0.0008014719272277262,50.0,20.0,672.7385003520301,394.16487435860546,4320.0,0.0005987525170978386,0.0010496657727719462
fixed,2023Q3,refit,temporal,training,high,244708,244708,230988,62128,168860,0.26896635323047086,13719,0,1,0,0.0017406615479205478,50.0,20.0,542.4951873551378,308.79366122937324,4320.0,0.0005987525170978386,0.0010496657727719462
fixed,2023Q3,refit,temporal,evaluation,all,159438,89946,78185,19331,58854,0.247246914369764,11761,0,0,69492,0.0006538366643654396,50.0,20.0,963.8464124980601,568.2911347155551,4320.0,0.0005987525170978386,0.0010496657727719462
fixed,2023Q3,refit,temporal,evaluation,ineligible,69492,0,0,0,0,,0,0,0,69492,,,,,,,0.0005987525170978386,0.0010496657727719462
fixed,2023Q3,refit,temporal,evaluation,low,50020,50020,45502,10675,34827,0.23460507230451408,4518,0,0,0,0.0003817645222313822,50.0,20.0,919.1879156908665,609.9743928725392,4320.0,0.0005987525170978386,0.0010496657727719462
fixed,2023Q3,refit,temporal,evaluation,middle,27568,27568,22824,5724,17100,0.250788643533123,4744,0,0,0,0.0007834063813136852,50.0,20.0,1019.601502445842,538.4000234962406,4320.0,0.0005987525170978386,0.0010496657727719462
fixed,2023Q3,refit,temporal,evaluation,high,12358,12358,9859,2932,6927,0.29739324475098894,2499,0,0,0,0.001466028814609517,50.0,20.0,1017.593792633015,432.37332178432223,,0.0005987525170978386,0.0010496657727719462
fixed,2023Q3,refit,0.0005,training,all,86790,68220,65678,18475,47203,0.28129662900819147,2542,0,0,18570,0.0013448542686780092,50.0,20.0,542.8728552097429,299.55869947648415,4320.0,0.0008507340054231317,0.0014555693782364336
fixed,2023Q3,refit,0.0005,training,ineligible,18570,0,0,0,0,,0,0,0,18570,,,,,,,0.0008507340054231317,0.0014555693782364336
fixed,2023Q3,refit,0.0005,training,low,22740,22740,22160,6494,15666,0.2930505415162455,580,0,0,0,0.0005980741446049976,50.0,20.0,632.3042808746535,370.58189600102213,4320.0,0.0008507340054231317,0.0014555693782364336
fixed,2023Q3,refit,0.0005,training,middle,22740,22740,21794,6136,15658,0.2815453794622373,946,0,0,0,0.0011190588555323995,50.0,20.0,561.2439700130378,297.35013737141395,4320.0,0.0008507340054231317,0.0014555693782364336
fixed,2023Q3,refit,0.0005,training,high,22740,22740,21724,5845,15879,0.26905726385564355,1016,0,0,0,0.00231742980589663,50.0,20.0,424.2256629597947,231.70590828924162,4320.0,0.0008507340054231317,0.0014555693782364336
fixed,2023Q3,refit,0.0005,evaluation,all,7704,4692,4085,1069,3016,0.2616891064871481,607,0,0,3012,0.0008699961587588693,50.0,20.0,940.6061739943873,505.60837765957444,4320.0,0.0008507340054231317,0.0014555693782364336
fixed,2023Q3,refit,0.0005,evaluation,ineligible,3012,0,0,0,0,,0,0,0,3012,,,,,,,0.0008507340054231317,0.0014555693782364336
fixed,2023Q3,refit,0.0005,evaluation,low,2822,2822,2549,624,1925,0.2448018830914084,273,0,0,0,0.0005487771545444886,50.0,20.0,934.6714743589744,561.1698801459094,4320.0,0.0008507340054231317,0.0014555693782364336
fixed,2023Q3,refit,0.0005,evaluation,middle,1306,1306,1090,334,756,0.30642201834862387,216,0,0,0,0.0010858739167500628,50.0,20.0,905.0269461077844,404.9442970822281,4320.0,0.0008507340054231317,0.0014555693782364336
fixed,2023Q3,refit,0.0005,evaluation,high,564,564,446,111,335,0.24887892376681614,118,0,0,0,0.0019773431054902224,50.0,20.0,1081.027027027027,413.90149253731346,,0.0008507340054231317,0.0014555693782364336
fixed,2023Q3,refit,0.001,training,all,30138,24182,23310,6534,16776,0.2803088803088803,872,0,0,5956,0.0014223050045982296,50.0,20.0,520.2959902050811,283.5740696564886,4320.0,0.0008956672646796346,0.0015428735188964418
fixed,2023Q3,refit,0.001,training,ineligible,5956,0,0,0,0,,0,0,0,5956,,,,,,,0.0008956672646796346,0.0015428735188964418
fixed,2023Q3,refit,0.001,training,low,8062,8062,7852,2321,5531,0.2955934793683138,210,0,0,0,0.0006332118202040678,50.0,20.0,619.9685480396381,352.52225841476655,4320.0,0.0008956672646796346,0.0015428735188964418
fixed,2023Q3,refit,0.001,training,middle,8060,8060,7737,2133,5604,0.2756882512601784,323,0,0,0,0.001183786478522268,50.0,20.0,544.2409751523676,284.00428265524624,,0.0008956672646796346,0.0015428735188964418
fixed,2023Q3,refit,0.001,training,high,8060,8060,7721,2080,5641,0.26939515606786685,339,0,0,0,0.002450112519828748,50.0,20.0,384.51971153846154,215.5679318907414,4320.0,0.0008956672646796346,0.0015428735188964418
fixed,2023Q3,refit,0.001,evaluation,all,2484,1550,1367,369,998,0.26993416239941476,183,0,0,934,0.0009040095752993846,50.0,20.0,898.479674796748,471.69989929506545,4320.0,0.0008956672646796346,0.0015428735188964418
fixed,2023Q3,refit,0.001,evaluation,ineligible,934,0,0,0,0,,0,0,0,934,,,,,,,0.0008956672646796346,0.0015428735188964418
fixed,2023Q3,refit,0.001,evaluation,low,950,950,870,228,642,0.2620689655172414,80,0,0,0,0.0005780448256020354,50.0,20.0,908.8421052631579,526.41065830721,4320.0,0.0008956672646796346,0.0015428735188964418
fixed,2023Q3,refit,0.001,evaluation,middle,426,426,362,114,248,0.3149171270718232,64,0,0,0,0.0011443773375823599,50.0,20.0,880.6754385964912,344.07287449392715,4320.0,0.0008956672646796346,0.0015428735188964418
fixed,2023Q3,refit,0.001,evaluation,high,174,174,135,27,108,0.2,39,0,0,0,0.0020952155838047546,50.0,20.0,886.1481481481482,440.3888888888889,,0.0008956672646796346,0.0015428735188964418
fixed,2023Q4,inner,temporal,training,all,1022394,734128,704564,198619,505945,0.2819034182842155,29563,0,1,288266,0.0009866495473991382,50.0,20.0,668.9049889486907,389.2760559145655,4320.0,0.0005987525170978386,0.0010496657727719462
fixed,2023Q4,inner,temporal,training,ineligible,288266,0,0,0,0,,0,0,0,288266,,,,,,,0.0005987525170978386,0.0010496657727719462
fixed,2023Q4,inner,temporal,training,low,244710,244710,238410,68315,170095,0.2865441885826937,6300,0,0,0,0.0004178213295435261,50.0,20.0,780.0406792066165,464.45361656042706,4320.0,0.0005987525170978386,0.0010496657727719462
fixed,2023Q4,inner,temporal,training,middle,244710,244710,235166,68176,166990,0.28990585373736,9544,0,0,0,0.0008014719272277262,50.0,20.0,672.7385003520301,394.16487435860546,4320.0,0.0005987525170978386,0.0010496657727719462
fixed,2023Q4,inner,temporal,training,high,244708,244708,230988,62128,168860,0.26896635323047086,13719,0,1,0,0.0017406615479205478,50.0,20.0,542.4951873551378,308.79366122937324,4320.0,0.0005987525170978386,0.0010496657727719462
fixed,2023Q4,inner,temporal,evaluation,all,159438,89946,78185,19331,58854,0.247246914369764,11761,0,0,69492,0.0006538366643654396,50.0,20.0,963.8464124980601,568.2911347155551,4320.0,0.0005987525170978386,0.0010496657727719462
fixed,2023Q4,inner,temporal,evaluation,ineligible,69492,0,0,0,0,,0,0,0,69492,,,,,,,0.0005987525170978386,0.0010496657727719462
fixed,2023Q4,inner,temporal,evaluation,low,50020,50020,45502,10675,34827,0.23460507230451408,4518,0,0,0,0.0003817645222313822,50.0,20.0,919.1879156908665,609.9743928725392,4320.0,0.0005987525170978386,0.0010496657727719462
fixed,2023Q4,inner,temporal,evaluation,middle,27568,27568,22824,5724,17100,0.250788643533123,4744,0,0,0,0.0007834063813136852,50.0,20.0,1019.601502445842,538.4000234962406,4320.0,0.0005987525170978386,0.0010496657727719462
fixed,2023Q4,inner,temporal,evaluation,high,12358,12358,9859,2932,6927,0.29739324475098894,2499,0,0,0,0.001466028814609517,50.0,20.0,1017.593792633015,432.37332178432223,,0.0005987525170978386,0.0010496657727719462
fixed,2023Q4,inner,0.0005,training,all,86790,68220,65678,18475,47203,0.28129662900819147,2542,0,0,18570,0.0013448542686780092,50.0,20.0,542.8728552097429,299.55869947648415,4320.0,0.0008507340054231317,0.0014555693782364336
fixed,2023Q4,inner,0.0005,training,ineligible,18570,0,0,0,0,,0,0,0,18570,,,,,,,0.0008507340054231317,0.0014555693782364336
fixed,2023Q4,inner,0.0005,training,low,22740,22740,22160,6494,15666,0.2930505415162455,580,0,0,0,0.0005980741446049976,50.0,20.0,632.3042808746535,370.58189600102213,4320.0,0.0008507340054231317,0.0014555693782364336
fixed,2023Q4,inner,0.0005,training,middle,22740,22740,21794,6136,15658,0.2815453794622373,946,0,0,0,0.0011190588555323995,50.0,20.0,561.2439700130378,297.35013737141395,4320.0,0.0008507340054231317,0.0014555693782364336
fixed,2023Q4,inner,0.0005,training,high,22740,22740,21724,5845,15879,0.26905726385564355,1016,0,0,0,0.00231742980589663,50.0,20.0,424.2256629597947,231.70590828924162,4320.0,0.0008507340054231317,0.0014555693782364336
fixed,2023Q4,inner,0.0005,evaluation,all,7704,4692,4085,1069,3016,0.2616891064871481,607,0,0,3012,0.0008699961587588693,50.0,20.0,940.6061739943873,505.60837765957444,4320.0,0.0008507340054231317,0.0014555693782364336
fixed,2023Q4,inner,0.0005,evaluation,ineligible,3012,0,0,0,0,,0,0,0,3012,,,,,,,0.0008507340054231317,0.0014555693782364336
fixed,2023Q4,inner,0.0005,evaluation,low,2822,2822,2549,624,1925,0.2448018830914084,273,0,0,0,0.0005487771545444886,50.0,20.0,934.6714743589744,561.1698801459094,4320.0,0.0008507340054231317,0.0014555693782364336
fixed,2023Q4,inner,0.0005,evaluation,middle,1306,1306,1090,334,756,0.30642201834862387,216,0,0,0,0.0010858739167500628,50.0,20.0,905.0269461077844,404.9442970822281,4320.0,0.0008507340054231317,0.0014555693782364336
fixed,2023Q4,inner,0.0005,evaluation,high,564,564,446,111,335,0.24887892376681614,118,0,0,0,0.0019773431054902224,50.0,20.0,1081.027027027027,413.90149253731346,,0.0008507340054231317,0.0014555693782364336
fixed,2023Q4,inner,0.001,training,all,30138,24182,23310,6534,16776,0.2803088803088803,872,0,0,5956,0.0014223050045982296,50.0,20.0,520.2959902050811,283.5740696564886,4320.0,0.0008956672646796346,0.0015428735188964418
fixed,2023Q4,inner,0.001,training,ineligible,5956,0,0,0,0,,0,0,0,5956,,,,,,,0.0008956672646796346,0.0015428735188964418
fixed,2023Q4,inner,0.001,training,low,8062,8062,7852,2321,5531,0.2955934793683138,210,0,0,0,0.0006332118202040678,50.0,20.0,619.9685480396381,352.52225841476655,4320.0,0.0008956672646796346,0.0015428735188964418
fixed,2023Q4,inner,0.001,training,middle,8060,8060,7737,2133,5604,0.2756882512601784,323,0,0,0,0.001183786478522268,50.0,20.0,544.2409751523676,284.00428265524624,,0.0008956672646796346,0.0015428735188964418
fixed,2023Q4,inner,0.001,training,high,8060,8060,7721,2080,5641,0.26939515606786685,339,0,0,0,0.002450112519828748,50.0,20.0,384.51971153846154,215.5679318907414,4320.0,0.0008956672646796346,0.0015428735188964418
fixed,2023Q4,inner,0.001,evaluation,all,2484,1550,1367,369,998,0.26993416239941476,183,0,0,934,0.0009040095752993846,50.0,20.0,898.479674796748,471.69989929506545,4320.0,0.0008956672646796346,0.0015428735188964418
fixed,2023Q4,inner,0.001,evaluation,ineligible,934,0,0,0,0,,0,0,0,934,,,,,,,0.0008956672646796346,0.0015428735188964418
fixed,2023Q4,inner,0.001,evaluation,low,950,950,870,228,642,0.2620689655172414,80,0,0,0,0.0005780448256020354,50.0,20.0,908.8421052631579,526.41065830721,4320.0,0.0008956672646796346,0.0015428735188964418
fixed,2023Q4,inner,0.001,evaluation,middle,426,426,362,114,248,0.3149171270718232,64,0,0,0,0.0011443773375823599,50.0,20.0,880.6754385964912,344.07287449392715,4320.0,0.0008956672646796346,0.0015428735188964418
fixed,2023Q4,inner,0.001,evaluation,high,174,174,135,27,108,0.2,39,0,0,0,0.0020952155838047546,50.0,20.0,886.1481481481482,440.3888888888889,,0.0008956672646796346,0.0015428735188964418
fixed,2023Q4,refit,temporal,training,all,1187918,823194,781869,217510,564359,0.27819238261140933,41324,0,1,364724,0.0009506178922404131,50.0,20.0,694.0040365960185,407.6856718741964,4320.0,0.0005734967864455421,0.0010085393439244984
fixed,2023Q4,refit,temporal,training,ineligible,364724,0,0,0,0,,0,0,0,364724,,,,,,,0.0005734967864455421,0.0010085393439244984
fixed,2023Q4,refit,temporal,training,low,274398,274398,264515,73420,191095,0.27756459936109484,9883,0,0,0,0.0003988868865347172,50.0,20.0,800.9970307818033,492.73682500929937,4320.0,0.0005734967864455421,0.0010085393439244984
fixed,2023Q4,refit,temporal,training,middle,274398,274398,260128,74521,185607,0.28647819534998153,14270,0,0,0,0.0007696292673845199,50.0,20.0,704.0633512701118,411.6561397451528,4320.0,0.0005734967864455421,0.0010085393439244984
fixed,2023Q4,refit,temporal,training,high,274398,274398,257226,69569,187657,0.2704586628101358,17171,0,1,0,0.0016833375228020025,50.0,20.0,570.3130848510112,317.23904191361447,4320.0,0.0005734967864455421,0.0010085393439244984
fixed,2023Q4,refit,temporal,evaluation,all,175406,156296,149126,45259,103867,0.30349503104757053,7123,47,0,19110,0.000682896592253856,50.0,20.0,1141.6747829161052,645.3660360247369,4320.0,0.0005734967864455421,0.0010085393439244984
fixed,2023Q4,refit,temporal,evaluation,ineligible,19110,0,0,0,0,,0,0,0,19110,,,,,,,0.0005734967864455421,0.0010085393439244984
fixed,2023Q4,refit,temporal,evaluation,low,81986,81986,79351,24693,54658,0.3111870045746115,2635,0,0,0,0.0003627632453773007,50.0,20.0,1125.509375126554,662.4343994418537,4320.0,0.0005734967864455421,0.0010085393439244984
fixed,2023Q4,refit,temporal,evaluation,middle,45980,45980,43119,12712,30407,0.29481203181891974,2830,31,0,0,0.0007596083432505268,50.0,20.0,1117.1416771554436,636.7314375987362,4320.0,0.0005734967864455421,0.0010085393439244984
fixed,2023Q4,refit,temporal,evaluation,high,28330,28330,26656,7854,18802,0.29464285714285715,1658,16,0,0,0.0014848466898957316,50.0,20.0,1232.2066462948817,609.8736769320781,4320.0,0.0005734967864455421,0.0010085393439244984
fixed,2023Q4,refit,0.0005,training,all,94738,72854,69705,19515,50190,0.27996556918442006,3149,0,0,21884,0.0013147552797193114,50.0,20.0,563.6080963361517,311.7752192982456,4320.0,0.000828582418857549,0.0014191129162532464
fixed,2023Q4,refit,0.0005,training,ineligible,21884,0,0,0,0,,0,0,0,21884,,,,,,,0.000828582418857549,0.0014191129162532464
fixed,2023Q4,refit,0.0005,training,low,24286,24286,23477,6759,16718,0.2878987945648933,809,0,0,0,0.0005799416461816229,50.0,20.0,658.9479212901317,393.4900598802395,4320.0,0.000828582418857549,0.0014191129162532464
fixed,2023Q4,refit,0.0005,training,middle,24284,24284,23138,6557,16581,0.28338663670152997,1146,0,0,0,0.0010903559187886373,50.0,20.0,583.9669055970718,306.334962587497,4320.0,0.000828582418857549,0.0014191129162532464
fixed,2023Q4,refit,0.0005,training,high,24284,24284,23090,6199,16891,0.26847119965352967,1194,0,0,0,0.0022740287925234956,50.0,20.0,438.120987256009,236.3085030791094,4320.0,0.000828582418857549,0.0014191129162532464
fixed,2023Q4,refit,0.0005,evaluation,all,9258,8418,7935,2325,5610,0.29300567107750475,480,3,0,840,0.0009296755954936958,50.0,20.0,1073.4989247311828,580.701713673688,4320.0,0.000828582418857549,0.0014191129162532464
fixed,2023Q4,refit,0.0005,evaluation,ineligible,840,0,0,0,0,,0,0,0,840,,,,,,,0.000828582418857549,0.0014191129162532464
fixed,2023Q4,refit,0.0005,evaluation,low,4558,4558,4339,1283,3056,0.29569025120995623,218,1,0,0,0.0005290308984688168,50.0,20.0,1030.4208885424787,598.6057723843883,4320.0,0.000828582418857549,0.0014191129162532464
fixed,2023Q4,refit,0.0005,evaluation,middle,2532,2532,2359,687,1672,0.29122509537939806,171,2,0,0,0.0010720031109420125,50.0,20.0,1184.1339155749636,574.2914422501497,4320.0,0.000828582418857549,0.0014191129162532464
fixed,2023Q4,refit,0.0005,evaluation,high,1328,1328,1237,355,882,0.28698464025869036,91,0,0,0,0.002033414496039073,50.0,20.0,1015.0845070422536,530.953514739229,,0.000828582418857549,0.0014191129162532464
fixed,2023Q4,refit,0.001,training,all,32694,25720,24665,6897,17768,0.2796270018244476,1055,0,0,6974,0.0013913627863812719,50.0,20.0,539.8624039437436,294.0018023092087,4320.0,0.0008733016056357035,0.0015080664701540552
fixed,2023Q4,refit,0.001,training,ineligible,6974,0,0,0,0,,0,0,0,6974,,,,,,,0.0008733016056357035,0.0015080664701540552
fixed,2023Q4,refit,0.001,training,low,8574,8574,8299,2426,5873,0.2923243764308953,275,0,0,0,0.000614453746818747,50.0,20.0,645.5816158285243,374.0380221653879,4320.0,0.0008733016056357035,0.0015080664701540552
fixed,2023Q4,refit,0.001,training,middle,8574,8574,8190,2276,5914,0.2778998778998779,384,0,0,0,0.0011534266265664657,50.0,20.0,562.4173989455185,287.4930649526387,4320.0,0.0008733016056357035,0.0015080664701540552
fixed,2023Q4,refit,0.001,training,high,8572,8572,8176,2195,5981,0.26846868884540115,396,0,0,0,0.0024064447671863624,50.0,20.0,399.63006833712984,221.915356306457,4320.0,0.0008733016056357035,0.0015080664701540552
fixed,2023Q4,refit,0.001,evaluation,all,3012,2744,2598,744,1854,0.2863741339491917,144,2,0,268,0.0009669984006044254,50.0,20.0,1081.633064516129,579.304535637149,4320.0,0.0008733016056357035,0.0015080664701540552
fixed,2023Q4,refit,0.001,evaluation,ineligible,268,0,0,0,0,,0,0,0,268,,,,,,,0.0008733016056357035,0.0015080664701540552
fixed,2023Q4,refit,0.001,evaluation,low,1466,1466,1398,415,983,0.2968526466380544,66,2,0,0,0.0005591532622969822,50.0,20.0,1020.9686746987952,592.8460754332314,4320.0,0.0008733016056357035,0.0015080664701540552
fixed,2023Q4,refit,0.001,evaluation,middle,882,882,833,225,608,0.27010804321728693,49,0,0,0,0.0011247237596369772,50.0,20.0,1255.4533333333334,586.9786184210526,,0.0008733016056357035,0.0015080664701540552
fixed,2023Q4,refit,0.001,evaluation,high,396,396,367,104,263,0.28337874659400547,29,0,0,0,0.0021255519513418025,50.0,20.0,947.6538461538462,511.0532319391635,,0.0008733016056357035,0.0015080664701540552
dynamic,2023Q2,inner,temporal,training,all,729406,627652,609693,167668,442025,0.27500397741158256,17856,103,0,101754,0.0010118158409039748,26.500832641082237,10.600333056432895,230.44092492306225,139.7972307699285,4320.0,0.0006147616437218142,0.0010795938224566098
dynamic,2023Q2,inner,temporal,training,ineligible,101754,0,0,0,0,,0,0,0,101754,,,,,,,0.0006147616437218142,0.0010795938224566098
dynamic,2023Q2,inner,temporal,training,low,209218,209218,208110,58128,149982,0.279313824419778,1090,18,0,0,0.000425142223845051,11.378176078570824,4.55127043142833,102.77191714836223,59.84789508074302,,0.0006147616437218142,0.0010795938224566098
dynamic,2023Q2,inner,temporal,training,middle,209218,209218,204978,56634,148344,0.2762930655972836,4182,58,0,0,0.0008255499374875495,21.778313247117634,8.711325298847054,186.89492177843698,110.55138731596828,,0.0006147616437218142,0.0010795938224566098
dynamic,2023Q2,inner,temporal,training,high,209216,209216,196605,52906,143699,0.2690979374888736,12584,27,0,0,0.0017847627502933694,46.34619830748443,18.53847932299377,417.3257475522625,254.25863047882072,4320.0,0.0006147616437218142,0.0010795938224566098
dynamic,2023Q2,inner,temporal,evaluation,all,154608,94074,93056,26172,66884,0.28125,931,87,0,60534,0.0008578587466651544,23.084137637890652,9.233655055156262,271.5668653522849,151.37603423253586,4320.0,0.0006147616437218142,0.0010795938224566098
dynamic,2023Q2,inner,temporal,evaluation,ineligible,60534,0,0,0,0,,0,0,0,60534,,,,,,,0.0006147616437218142,0.0010795938224566098
dynamic,2023Q2,inner,temporal,evaluation,low,40078,40078,39943,10840,29103,0.2713867260846707,110,25,0,0,0.0004297351666293669,11.567230424320819,4.626892169728327,99.95959409594096,60.72538913514071,,0.0006147616437218142,0.0010795938224566098
dynamic,2023Q2,inner,temporal,evaluation,middle,31828,31828,31367,9036,22331,0.28807345299199794,405,56,0,0,0.0008090744164062694,21.778149643896402,8.711259857558561,228.24026117751217,116.60010747391519,,0.0006147616437218142,0.0010795938224566098
dynamic,2023Q2,inner,temporal,evaluation,high,22168,22168,21746,6296,15450,0.2895245102547595,416,6,0,0,0.001701915247213426,45.7808894052265,18.3123557620906,629.2101334180433,373.07225865091215,4320.0,0.0006147616437218142,0.0010795938224566098
dynamic,2023Q2,inner,0.0005,training,all,68696,60056,58009,16007,42002,0.275939940354083,2032,15,0,8640,0.0013752047151324909,35.66657150734102,14.266628602936409,265.6889485849941,157.60730189130956,4320.0,0.0008753988868057595,0.0014883154632853474
dynamic,2023Q2,inner,0.0005,training,ineligible,8640,0,0,0,0,,0,0,0,8640,,,,,,,0.0008753988868057595,0.0014883154632853474
dynamic,2023Q2,inner,0.0005,training,low,20020,20020,19859,5629,14230,0.2834483105896571,155,6,0,0,0.0006161538771045712,16.283945475048593,6.513578190019437,107.84615384615384,60.82986647926915,,0.0008753988868057595,0.0014883154632853474
dynamic,2023Q2,inner,0.0005,training,middle,20018,20018,19555,5531,14024,0.2828432625926873,454,9,0,0,0.001147994794910199,29.884908445348753,11.953963378139498,203.93635870547823,110.17669709070165,,0.0008753988868057595,0.0014883154632853474
dynamic,2023Q2,inner,0.0005,training,high,20018,20018,18595,4847,13748,0.26066146813659585,1423,0,0,0,0.002361541310213358,60.832797121361175,24.333118848544473,519.4646172890448,308.7104172832199,4320.0,0.0008753988868057595,0.0014883154632853474
dynamic,2023Q2,inner,0.0005,evaluation,all,11420,7384,7305,2128,5177,0.29130732375085555,74,5,0,4036,0.0011498066071398685,30.903096517872957,12.361238607149183,327.86795112781954,183.5428848015489,4320.0,0.0008753988868057595,0.0014883154632853474
dynamic,2023Q2,inner,0.0005,evaluation,ineligible,4036,0,0,0,0,,0,0,0,4036,,,,,,,0.0008753988868057595,0.0014883154632853474
dynamic,2023Q2,inner,0.0005,evaluation,low,3490,3490,3466,1028,2438,0.29659549913444894,19,5,0,0,0.0005921823217855835,15.942026297462883,6.3768105189851525,106.00194552529183,56.678014766201805,,0.0008753988868057595,0.0014883154632853474
dynamic,2023Q2,inner,0.0005,evaluation,middle,2086,2086,2068,612,1456,0.29593810444874274,18,0,0,0,0.001132954134946767,30.495296073782004,12.198118429512801,294.1781045751634,142.3598901098901,,0.0008753988868057595,0.0014883154632853474
dynamic,2023Q2,inner,0.0005,evaluation,high,1808,1808,1771,488,1283,0.27555053642010163,37,0,0,0,0.0022456379195741954,60.25310027650397,24.10124011060159,837.4918032786885,474.06923682140047,4320.0,0.0008753988868057595,0.0014883154632853474
dynamic,2023Q2,inner,0.001,training,all,24254,21316,20588,5651,14937,0.27448027977462597,724,4,0,2938,0.0014539683457248623,37.65536798084924,15.062147192339697,268.05875066359937,160.27093164352164,4320.0,0.0009230957304622377,0.0015699329247801188
dynamic,2023Q2,inner,0.001,training,ineligible,2938,0,0,0,0,,0,0,0,2938,,,,,,,0.0009230957304622377,0.0015699329247801188
dynamic,2023Q2,inner,0.001,training,low,7106,7106,7058,2004,5054,0.283933125531312,47,1,0,0,0.0006520132230214248,17.198143368309715,6.879257347323885,100.67165668662675,59.96774831816383,,0.0009230957304622377,0.0015699329247801188
dynamic,2023Q2,inner,0.001,training,middle,7106,7106,6937,1926,5011,0.27764163182932106,166,3,0,0,0.0012138872870858016,31.542174229853103,12.616869691941242,205.18380062305295,112.93614049091998,,0.0009230957304622377,0.0015699329247801188
dynamic,2023Q2,inner,0.001,training,high,7104,7104,6593,1721,4872,0.26103443045654484,511,0,0,0,0.0024962978931094048,64.23326675496024,25.693306701984092,533.335270191749,316.3050954078423,4320.0,0.0009230957304622377,0.0015699329247801188
dynamic,2023Q2,inner,0.001,evaluation,all,3852,2588,2555,727,1828,0.2845401174168297,30,3,0,1264,0.001216640127632259,32.697329318683536,13.078931727473414,341.990371389271,185.7330043859649,4320.0,0.0009230957304622377,0.0015699329247801188
dynamic,2023Q2,inner,0.001,evaluation,ineligible,1264,0,0,0,0,,0,0,0,1264,,,,,,,0.0009230957304622377,0.0015699329247801188
dynamic,2023Q2,inner,0.001,evaluation,low,1220,1220,1210,341,869,0.2818181818181818,7,3,0,0,0.0006235518416881094,16.78942332284568,6.715769329138271,99.90615835777126,55.25546605293441,,0.0009230957304622377,0.0015699329247801188
dynamic,2023Q2,inner,0.001,evaluation,middle,734,734,729,214,515,0.2935528120713306,5,0,0,0,0.0012011241486733,32.327057911479216,12.930823164591688,308.0,147.00388349514563,,0.0009230957304622377,0.0015699329247801188
dynamic,2023Q2,inner,0.001,evaluation,high,634,634,616,172,444,0.2792207792207792,18,0,0,0,0.002375877410609765,63.73743109756389,25.49497243902556,864.2267441860465,488.7568181818182,4320.0,0.0009230957304622377,0.0015699329247801188
dynamic,2023Q2,refit,temporal,training,all,892586,734096,715110,197493,517617,0.2761714980912027,18796,190,0,158490,0.000986683547684069,25.92648299158357,10.370593196633429,235.0031393517745,140.80321527721313,4320.0,0.0005987847677231071,0.0010496957282979185
dynamic,2023Q2,refit,temporal,training,ineligible,158490,0,0,0,0,,0,0,0,158490,,,,,,,0.0005987847677231071,0.0010496957282979185
dynamic,2023Q2,refit,temporal,training,low,244700,244700,243654,67988,175666,0.279035025076543,1004,42,0,0,0.00041786521090911224,11.197051169759128,4.478820467903652,101.06651173736542,58.73393257659422,,0.0005987847677231071,0.0010496957282979185
dynamic,2023Q2,refit,temporal,training,middle,244698,244698,240143,66746,173397,0.2779427257925486,4446,109,0,0,0.0008015002953725773,21.211058498090654,8.484423399236263,188.30491714859318,108.40812124777246,,0.0005987847677231071,0.0010496957282979185
dynamic,2023Q2,refit,temporal,training,high,244698,244698,231313,62759,168554,0.27131635489574735,13346,39,0,0,0.001740689785916295,45.37145969555815,18.14858387822326,429.76409757963,260.42986546924544,4320.0,0.0005987847677231071,0.0010496957282979185
dynamic,2023Q2,refit,temporal,evaluation,all,123894,32,3,0,3,0.0,29,0,0,123862,0.00020666601094911473,5.641529064968246,2.256611625987299,,7.333333333333333,,0.0005987847677231071,0.0010496957282979185
dynamic,2023Q2,refit,temporal,evaluation,ineligible,123862,0,0,0,0,,0,0,0,123862,,,,,,,0.0005987847677231071,0.0010496957282979185
dynamic,2023Q2,refit,temporal,evaluation,low,32,32,3,0,3,0.0,29,0,0,0,0.00020666601094911473,5.641529064968246,2.256611625987299,,7.333333333333333,,0.0005987847677231071,0.0010496957282979185
dynamic,2023Q2,refit,temporal,evaluation,middle,0,0,0,0,0,,0,0,0,0,,,,,,,0.0005987847677231071,0.0010496957282979185
dynamic,2023Q2,refit,temporal,evaluation,high,0,0,0,0,0,,0,0,0,0,,,,,,,0.0005987847677231071,0.0010496957282979185
dynamic,2023Q2,refit,0.0005,training,all,80680,68220,66093,18361,47732,0.27780551646921764,2107,20,0,12460,0.0013448542686780092,35.00337611150481,14.001350444601924,272.4362507488699,159.8947313005391,4320.0,0.0008507340054231317,0.0014555693782364336
dynamic,2023Q2,refit,0.0005,training,ineligible,12460,0,0,0,0,,0,0,0,12460,,,,,,,0.0008507340054231317,0.0014555693782364336
dynamic,2023Q2,refit,0.0005,training,low,22740,22740,22576,6439,16137,0.2852143869596031,153,11,0,0,0.0005980741446049976,15.857164534869618,6.342865813947847,105.95744680851064,59.17971122265601,,0.0008507340054231317,0.0014555693782364336
dynamic,2023Q2,refit,0.0005,training,middle,22740,22740,22269,6344,15925,0.28488032691185056,462,9,0,0,0.0011190588555323995,29.245001867790084,11.698000747116032,206.59757250945776,109.93274725274725,,0.0008507340054231317,0.0014555693782364336
dynamic,2023Q2,refit,0.0005,training,high,22740,22740,21248,5578,15670,0.2625188253012048,1492,0,0,0,0.00231742980589663,59.90796193185472,23.963184772741894,539.492111868053,316.8299624011409,4320.0,0.0008507340054231317,0.0014555693782364336
dynamic,2023Q2,refit,0.0005,evaluation,all,5690,0,0,0,0,,0,0,0,5690,,,,,,,0.0008507340054231317,0.0014555693782364336
dynamic,2023Q2,refit,0.0005,evaluation,ineligible,5690,0,0,0,0,,0,0,0,5690,,,,,,,0.0008507340054231317,0.0014555693782364336
dynamic,2023Q2,refit,0.0005,evaluation,low,0,0,0,0,0,,0,0,0,0,,,,,,,0.0008507340054231317,0.0014555693782364336
dynamic,2023Q2,refit,0.0005,evaluation,middle,0,0,0,0,0,,0,0,0,0,,,,,,,0.0008507340054231317,0.0014555693782364336
dynamic,2023Q2,refit,0.0005,evaluation,high,0,0,0,0,0,,0,0,0,0,,,,,,,0.0008507340054231317,0.0014555693782364336
dynamic,2023Q2,refit,0.001,training,all,28326,24182,23421,6451,16970,0.27543657401477306,754,7,0,4144,0.0014223050045982296,36.970244433461055,14.788097773384424,275.7752286467214,162.49071932633578,4320.0,0.0008956672646796346,0.0015428735188964418
dynamic,2023Q2,refit,0.001,training,ineligible,4144,0,0,0,0,,0,0,0,4144,,,,,,,0.0008956672646796346,0.0015428735188964418
dynamic,2023Q2,refit,0.001,training,low,8062,8062,8012,2270,5742,0.28332501248127806,46,4,0,0,0.0006332118202040678,16.77042809200188,6.708171236800752,99.30484581497798,58.57018460466736,,0.0008956672646796346,0.0015428735188964418
dynamic,2023Q2,refit,0.001,training,middle,8060,8060,7888,2204,5684,0.27941176470588236,169,3,0,0,0.001183786478522268,30.88232423844672,12.35292969537869,207.52540834845735,112.70320197044335,,0.0008956672646796346,0.0015428735188964418
dynamic,2023Q2,refit,0.001,training,high,8060,8060,7521,1977,5544,0.2628639808536099,539,0,0,0,0.002450112519828748,63.26299333130963,25.305197332523846,554.4855842185129,324.29023358469743,4320.0,0.0008956672646796346,0.0015428735188964418
dynamic,2023Q2,refit,0.001,evaluation,all,1682,0,0,0,0,,0,0,0,1682,,,,,,,0.0008956672646796346,0.0015428735188964418
dynamic,2023Q2,refit,0.001,evaluation,ineligible,1682,0,0,0,0,,0,0,0,1682,,,,,,,0.0008956672646796346,0.0015428735188964418
dynamic,2023Q2,refit,0.001,evaluation,low,0,0,0,0,0,,0,0,0,0,,,,,,,0.0008956672646796346,0.0015428735188964418
dynamic,2023Q2,refit,0.001,evaluation,middle,0,0,0,0,0,,0,0,0,0,,,,,,,0.0008956672646796346,0.0015428735188964418
dynamic,2023Q2,refit,0.001,evaluation,high,0,0,0,0,0,,0,0,0,0,,,,,,,0.0008956672646796346,0.0015428735188964418
dynamic,2023Q3,inner,temporal,training,all,892586,734096,715110,197493,517617,0.2761714980912027,18796,190,0,158490,0.000986683547684069,25.92648299158357,10.370593196633429,235.0031393517745,140.80321527721313,4320.0,0.0005987847677231071,0.0010496957282979185
dynamic,2023Q3,inner,temporal,training,ineligible,158490,0,0,0,0,,0,0,0,158490,,,,,,,0.0005987847677231071,0.0010496957282979185
dynamic,2023Q3,inner,temporal,training,low,244700,244700,243654,67988,175666,0.279035025076543,1004,42,0,0,0.00041786521090911224,11.197051169759128,4.478820467903652,101.06651173736542,58.73393257659422,,0.0005987847677231071,0.0010496957282979185
dynamic,2023Q3,inner,temporal,training,middle,244698,244698,240143,66746,173397,0.2779427257925486,4446,109,0,0,0.0008015002953725773,21.211058498090654,8.484423399236263,188.30491714859318,108.40812124777246,,0.0005987847677231071,0.0010496957282979185
dynamic,2023Q3,inner,temporal,training,high,244698,244698,231313,62759,168554,0.27131635489574735,13346,39,0,0,0.001740689785916295,45.37145969555815,18.14858387822326,429.76409757963,260.42986546924544,4320.0,0.0005987847677231071,0.0010496957282979185
dynamic,2023Q3,inner,temporal,evaluation,all,123894,32,3,0,3,0.0,29,0,0,123862,0.00020666601094911473,5.641529064968246,2.256611625987299,,7.333333333333333,,0.0005987847677231071,0.0010496957282979185
dynamic,2023Q3,inner,temporal,evaluation,ineligible,123862,0,0,0,0,,0,0,0,123862,,,,,,,0.0005987847677231071,0.0010496957282979185
dynamic,2023Q3,inner,temporal,evaluation,low,32,32,3,0,3,0.0,29,0,0,0,0.00020666601094911473,5.641529064968246,2.256611625987299,,7.333333333333333,,0.0005987847677231071,0.0010496957282979185
dynamic,2023Q3,inner,temporal,evaluation,middle,0,0,0,0,0,,0,0,0,0,,,,,,,0.0005987847677231071,0.0010496957282979185
dynamic,2023Q3,inner,temporal,evaluation,high,0,0,0,0,0,,0,0,0,0,,,,,,,0.0005987847677231071,0.0010496957282979185
dynamic,2023Q3,inner,0.0005,training,all,80680,68220,66093,18361,47732,0.27780551646921764,2107,20,0,12460,0.0013448542686780092,35.00337611150481,14.001350444601924,272.4362507488699,159.8947313005391,4320.0,0.0008507340054231317,0.0014555693782364336
dynamic,2023Q3,inner,0.0005,training,ineligible,12460,0,0,0,0,,0,0,0,12460,,,,,,,0.0008507340054231317,0.0014555693782364336
dynamic,2023Q3,inner,0.0005,training,low,22740,22740,22576,6439,16137,0.2852143869596031,153,11,0,0,0.0005980741446049976,15.857164534869618,6.342865813947847,105.95744680851064,59.17971122265601,,0.0008507340054231317,0.0014555693782364336
dynamic,2023Q3,inner,0.0005,training,middle,22740,22740,22269,6344,15925,0.28488032691185056,462,9,0,0,0.0011190588555323995,29.245001867790084,11.698000747116032,206.59757250945776,109.93274725274725,,0.0008507340054231317,0.0014555693782364336
dynamic,2023Q3,inner,0.0005,training,high,22740,22740,21248,5578,15670,0.2625188253012048,1492,0,0,0,0.00231742980589663,59.90796193185472,23.963184772741894,539.492111868053,316.8299624011409,4320.0,0.0008507340054231317,0.0014555693782364336
dynamic,2023Q3,inner,0.0005,evaluation,all,5690,0,0,0,0,,0,0,0,5690,,,,,,,0.0008507340054231317,0.0014555693782364336
dynamic,2023Q3,inner,0.0005,evaluation,ineligible,5690,0,0,0,0,,0,0,0,5690,,,,,,,0.0008507340054231317,0.0014555693782364336
dynamic,2023Q3,inner,0.0005,evaluation,low,0,0,0,0,0,,0,0,0,0,,,,,,,0.0008507340054231317,0.0014555693782364336
dynamic,2023Q3,inner,0.0005,evaluation,middle,0,0,0,0,0,,0,0,0,0,,,,,,,0.0008507340054231317,0.0014555693782364336
dynamic,2023Q3,inner,0.0005,evaluation,high,0,0,0,0,0,,0,0,0,0,,,,,,,0.0008507340054231317,0.0014555693782364336
dynamic,2023Q3,inner,0.001,training,all,28326,24182,23421,6451,16970,0.27543657401477306,754,7,0,4144,0.0014223050045982296,36.970244433461055,14.788097773384424,275.7752286467214,162.49071932633578,4320.0,0.0008956672646796346,0.0015428735188964418
dynamic,2023Q3,inner,0.001,training,ineligible,4144,0,0,0,0,,0,0,0,4144,,,,,,,0.0008956672646796346,0.0015428735188964418
dynamic,2023Q3,inner,0.001,training,low,8062,8062,8012,2270,5742,0.28332501248127806,46,4,0,0,0.0006332118202040678,16.77042809200188,6.708171236800752,99.30484581497798,58.57018460466736,,0.0008956672646796346,0.0015428735188964418
dynamic,2023Q3,inner,0.001,training,middle,8060,8060,7888,2204,5684,0.27941176470588236,169,3,0,0,0.001183786478522268,30.88232423844672,12.35292969537869,207.52540834845735,112.70320197044335,,0.0008956672646796346,0.0015428735188964418
dynamic,2023Q3,inner,0.001,training,high,8060,8060,7521,1977,5544,0.2628639808536099,539,0,0,0,0.002450112519828748,63.26299333130963,25.305197332523846,554.4855842185129,324.29023358469743,4320.0,0.0008956672646796346,0.0015428735188964418
dynamic,2023Q3,inner,0.001,evaluation,all,1682,0,0,0,0,,0,0,0,1682,,,,,,,0.0008956672646796346,0.0015428735188964418
dynamic,2023Q3,inner,0.001,evaluation,ineligible,1682,0,0,0,0,,0,0,0,1682,,,,,,,0.0008956672646796346,0.0015428735188964418
dynamic,2023Q3,inner,0.001,evaluation,low,0,0,0,0,0,,0,0,0,0,,,,,,,0.0008956672646796346,0.0015428735188964418
dynamic,2023Q3,inner,0.001,evaluation,middle,0,0,0,0,0,,0,0,0,0,,,,,,,0.0008956672646796346,0.0015428735188964418
dynamic,2023Q3,inner,0.001,evaluation,high,0,0,0,0,0,,0,0,0,0,,,,,,,0.0008956672646796346,0.0015428735188964418
dynamic,2023Q3,refit,temporal,training,all,1022394,734128,715113,197493,517620,0.2761703395127763,18825,190,0,288266,0.0009866495473991382,25.925598788112715,10.370239515245087,235.0031393517745,140.80244009625642,4320.0,0.0005987525170978386,0.0010496657727719462
dynamic,2023Q3,refit,temporal,training,ineligible,288266,0,0,0,0,,0,0,0,288266,,,,,,,0.0005987525170978386,0.0010496657727719462
dynamic,2023Q3,refit,temporal,training,low,244710,244710,243635,67980,175655,0.2790239497609128,1033,42,0,0,0.0004178213295435261,11.19591043787887,4.478364175151548,101.06319505736981,58.7333010731263,,0.0005987525170978386,0.0010496657727719462
dynamic,2023Q3,refit,temporal,training,middle,244710,244710,240155,66752,173403,0.2779538214902875,4446,109,0,0,0.0008014719272277262,21.21032888068108,8.484131552272432,188.3006052253116,108.40437016660611,,0.0005987525170978386,0.0010496657727719462
dynamic,2023Q3,refit,temporal,training,high,244708,244708,231323,62761,168562,0.27131327191848625,13346,39,0,0,0.0017406615479205478,45.370715969542495,18.148286387817002,429.7534615445898,260.4220767976881,4320.0,0.0005987525170978386,0.0010496657727719462
dynamic,2023Q3,refit,temporal,evaluation,all,159438,89946,85299,23745,61554,0.2783737206766785,4376,271,0,69492,0.0006538366643654396,17.702419082506996,7.080967633002798,224.83470204253527,123.45295187965039,,0.0005987525170978386,0.0010496657727719462
dynamic,2023Q3,refit,temporal,evaluation,ineligible,69492,0,0,0,0,,0,0,0,69492,,,,,,,0.0005987525170978386,0.0010496657727719462
dynamic,2023Q3,refit,temporal,evaluation,low,50020,50020,49112,13628,35484,0.27748819025899985,666,242,0,0,0.0003817645222313822,10.331070836904447,4.132428334761778,119.6226885823305,70.41384849509639,,0.0005987525170978386,0.0010496657727719462
dynamic,2023Q3,refit,temporal,evaluation,middle,27568,27568,25708,7163,18545,0.2786292204761164,1831,29,0,0,0.0007834063813136852,21.214594283071452,8.48583771322858,242.9387128298199,141.9597735238609,,0.0005987525170978386,0.0010496657727719462
dynamic,2023Q3,refit,temporal,evaluation,high,12358,12358,10479,2954,7525,0.2818971275885104,1879,0,0,0,0.001466028814609517,39.70364851412042,15.881459405648165,666.3209207853757,327.9487043189369,,0.0005987525170978386,0.0010496657727719462
dynamic,2023Q3,refit,0.0005,training,all,86790,68220,66093,18361,47732,0.27780551646921764,2107,20,0,18570,0.0013448542686780092,35.00337611150481,14.001350444601924,272.4362507488699,159.8947313005391,4320.0,0.0008507340054231317,0.0014555693782364336
dynamic,2023Q3,refit,0.0005,training,ineligible,18570,0,0,0,0,,0,0,0,18570,,,,,,,0.0008507340054231317,0.0014555693782364336
dynamic,2023Q3,refit,0.0005,training,low,22740,22740,22576,6439,16137,0.2852143869596031,153,11,0,0,0.0005980741446049976,15.857164534869618,6.342865813947847,105.95744680851064,59.17971122265601,,0.0008507340054231317,0.0014555693782364336
dynamic,2023Q3,refit,0.0005,training,middle,22740,22740,22269,6344,15925,0.28488032691185056,462,9,0,0,0.0011190588555323995,29.245001867790084,11.698000747116032,206.59757250945776,109.93274725274725,,0.0008507340054231317,0.0014555693782364336
dynamic,2023Q3,refit,0.0005,training,high,22740,22740,21248,5578,15670,0.2625188253012048,1492,0,0,0,0.00231742980589663,59.90796193185472,23.963184772741894,539.492111868053,316.8299624011409,4320.0,0.0008507340054231317,0.0014555693782364336
dynamic,2023Q3,refit,0.0005,evaluation,all,7704,4692,4393,1228,3165,0.2795356248577282,285,14,0,3012,0.0008699961587588693,23.571150306428923,9.428460122571568,273.3680781758958,138.78230647709321,,0.0008507340054231317,0.0014555693782364336
dynamic,2023Q3,refit,0.0005,evaluation,ineligible,3012,0,0,0,0,,0,0,0,3012,,,,,,,0.0008507340054231317,0.0014555693782364336
dynamic,2023Q3,refit,0.0005,evaluation,low,2822,2822,2752,788,1964,0.2863372093023256,56,14,0,0,0.0005487771545444886,14.857443970708474,5.942977588283389,139.08756345177665,75.50152749490834,,0.0008507340054231317,0.0014555693782364336
dynamic,2023Q3,refit,0.0005,evaluation,middle,1306,1306,1214,331,883,0.2726523887973641,92,0,0,0,0.0010858739167500628,29.4543602553214,11.781744102128563,321.214501510574,164.0973952434881,,0.0008507340054231317,0.0014555693782364336
dynamic,2023Q3,refit,0.0005,evaluation,high,564,564,427,109,318,0.25526932084309134,137,0,0,0,0.0019773431054902224,53.54740400527558,21.418961602110237,1098.834862385321,459.3176100628931,,0.0008507340054231317,0.0014555693782364336
dynamic,2023Q3,refit,0.001,training,all,30138,24182,23421,6451,16970,0.27543657401477306,754,7,0,5956,0.0014223050045982296,36.970244433461055,14.788097773384424,275.7752286467214,162.49071932633578,4320.0,0.0008956672646796346,0.0015428735188964418
dynamic,2023Q3,refit,0.001,training,ineligible,5956,0,0,0,0,,0,0,0,5956,,,,,,,0.0008956672646796346,0.0015428735188964418
dynamic,2023Q3,refit,0.001,training,low,8062,8062,8012,2270,5742,0.28332501248127806,46,4,0,0,0.0006332118202040678,16.77042809200188,6.708171236800752,99.30484581497798,58.57018460466736,,0.0008956672646796346,0.0015428735188964418
dynamic,2023Q3,refit,0.001,training,middle,8060,8060,7888,2204,5684,0.27941176470588236,169,3,0,0,0.001183786478522268,30.88232423844672,12.35292969537869,207.52540834845735,112.70320197044335,,0.0008956672646796346,0.0015428735188964418
dynamic,2023Q3,refit,0.001,training,high,8060,8060,7521,1977,5544,0.2628639808536099,539,0,0,0,0.002450112519828748,63.26299333130963,25.305197332523846,554.4855842185129,324.29023358469743,4320.0,0.0008956672646796346,0.0015428735188964418
dynamic,2023Q3,refit,0.001,evaluation,all,2484,1550,1441,405,1036,0.28105482303955587,105,4,0,934,0.0009040095752993846,24.493327948813278,9.797331179525312,245.41234567901233,133.13899613899613,,0.0008956672646796346,0.0015428735188964418
dynamic,2023Q3,refit,0.001,evaluation,ineligible,934,0,0,0,0,,0,0,0,934,,,,,,,0.0008956672646796346,0.0015428735188964418
dynamic,2023Q3,refit,0.001,evaluation,low,950,950,928,264,664,0.28448275862068967,18,4,0,0,0.0005780448256020354,15.660246472194347,6.264098588877739,129.12121212121212,74.78313253012048,,0.0008956672646796346,0.0015428735188964418
dynamic,2023Q3,refit,0.001,evaluation,middle,426,426,392,116,276,0.29591836734693877,34,0,0,0,0.0011443773375823599,31.048217242612786,12.419286897045117,340.5258620689655,154.86231884057972,,0.0008956672646796346,0.0015428735188964418
dynamic,2023Q3,refit,0.001,evaluation,high,174,174,121,25,96,0.2066115702479339,53,0,0,0,0.0020952155838047546,56.67174498116612,22.66869799246645,1032.12,474.3125,,0.0008956672646796346,0.0015428735188964418
dynamic,2023Q4,inner,temporal,training,all,1022394,734128,715113,197493,517620,0.2761703395127763,18825,190,0,288266,0.0009866495473991382,25.925598788112715,10.370239515245087,235.0031393517745,140.80244009625642,4320.0,0.0005987525170978386,0.0010496657727719462
dynamic,2023Q4,inner,temporal,training,ineligible,288266,0,0,0,0,,0,0,0,288266,,,,,,,0.0005987525170978386,0.0010496657727719462
dynamic,2023Q4,inner,temporal,training,low,244710,244710,243635,67980,175655,0.2790239497609128,1033,42,0,0,0.0004178213295435261,11.19591043787887,4.478364175151548,101.06319505736981,58.7333010731263,,0.0005987525170978386,0.0010496657727719462
dynamic,2023Q4,inner,temporal,training,middle,244710,244710,240155,66752,173403,0.2779538214902875,4446,109,0,0,0.0008014719272277262,21.21032888068108,8.484131552272432,188.3006052253116,108.40437016660611,,0.0005987525170978386,0.0010496657727719462
dynamic,2023Q4,inner,temporal,training,high,244708,244708,231323,62761,168562,0.27131327191848625,13346,39,0,0,0.0017406615479205478,45.370715969542495,18.148286387817002,429.7534615445898,260.4220767976881,4320.0,0.0005987525170978386,0.0010496657727719462
dynamic,2023Q4,inner,temporal,evaluation,all,159438,89946,85299,23745,61554,0.2783737206766785,4376,271,0,69492,0.0006538366643654396,17.702419082506996,7.080967633002798,224.83470204253527,123.45295187965039,,0.0005987525170978386,0.0010496657727719462
dynamic,2023Q4,inner,temporal,evaluation,ineligible,69492,0,0,0,0,,0,0,0,69492,,,,,,,0.0005987525170978386,0.0010496657727719462
dynamic,2023Q4,inner,temporal,evaluation,low,50020,50020,49112,13628,35484,0.27748819025899985,666,242,0,0,0.0003817645222313822,10.331070836904447,4.132428334761778,119.6226885823305,70.41384849509639,,0.0005987525170978386,0.0010496657727719462
dynamic,2023Q4,inner,temporal,evaluation,middle,27568,27568,25708,7163,18545,0.2786292204761164,1831,29,0,0,0.0007834063813136852,21.214594283071452,8.48583771322858,242.9387128298199,141.9597735238609,,0.0005987525170978386,0.0010496657727719462
dynamic,2023Q4,inner,temporal,evaluation,high,12358,12358,10479,2954,7525,0.2818971275885104,1879,0,0,0,0.001466028814609517,39.70364851412042,15.881459405648165,666.3209207853757,327.9487043189369,,0.0005987525170978386,0.0010496657727719462
dynamic,2023Q4,inner,0.0005,training,all,86790,68220,66093,18361,47732,0.27780551646921764,2107,20,0,18570,0.0013448542686780092,35.00337611150481,14.001350444601924,272.4362507488699,159.8947313005391,4320.0,0.0008507340054231317,0.0014555693782364336
dynamic,2023Q4,inner,0.0005,training,ineligible,18570,0,0,0,0,,0,0,0,18570,,,,,,,0.0008507340054231317,0.0014555693782364336
dynamic,2023Q4,inner,0.0005,training,low,22740,22740,22576,6439,16137,0.2852143869596031,153,11,0,0,0.0005980741446049976,15.857164534869618,6.342865813947847,105.95744680851064,59.17971122265601,,0.0008507340054231317,0.0014555693782364336
dynamic,2023Q4,inner,0.0005,training,middle,22740,22740,22269,6344,15925,0.28488032691185056,462,9,0,0,0.0011190588555323995,29.245001867790084,11.698000747116032,206.59757250945776,109.93274725274725,,0.0008507340054231317,0.0014555693782364336
dynamic,2023Q4,inner,0.0005,training,high,22740,22740,21248,5578,15670,0.2625188253012048,1492,0,0,0,0.00231742980589663,59.90796193185472,23.963184772741894,539.492111868053,316.8299624011409,4320.0,0.0008507340054231317,0.0014555693782364336
dynamic,2023Q4,inner,0.0005,evaluation,all,7704,4692,4393,1228,3165,0.2795356248577282,285,14,0,3012,0.0008699961587588693,23.571150306428923,9.428460122571568,273.3680781758958,138.78230647709321,,0.0008507340054231317,0.0014555693782364336
dynamic,2023Q4,inner,0.0005,evaluation,ineligible,3012,0,0,0,0,,0,0,0,3012,,,,,,,0.0008507340054231317,0.0014555693782364336
dynamic,2023Q4,inner,0.0005,evaluation,low,2822,2822,2752,788,1964,0.2863372093023256,56,14,0,0,0.0005487771545444886,14.857443970708474,5.942977588283389,139.08756345177665,75.50152749490834,,0.0008507340054231317,0.0014555693782364336
dynamic,2023Q4,inner,0.0005,evaluation,middle,1306,1306,1214,331,883,0.2726523887973641,92,0,0,0,0.0010858739167500628,29.4543602553214,11.781744102128563,321.214501510574,164.0973952434881,,0.0008507340054231317,0.0014555693782364336
dynamic,2023Q4,inner,0.0005,evaluation,high,564,564,427,109,318,0.25526932084309134,137,0,0,0,0.0019773431054902224,53.54740400527558,21.418961602110237,1098.834862385321,459.3176100628931,,0.0008507340054231317,0.0014555693782364336
dynamic,2023Q4,inner,0.001,training,all,30138,24182,23421,6451,16970,0.27543657401477306,754,7,0,5956,0.0014223050045982296,36.970244433461055,14.788097773384424,275.7752286467214,162.49071932633578,4320.0,0.0008956672646796346,0.0015428735188964418
dynamic,2023Q4,inner,0.001,training,ineligible,5956,0,0,0,0,,0,0,0,5956,,,,,,,0.0008956672646796346,0.0015428735188964418
dynamic,2023Q4,inner,0.001,training,low,8062,8062,8012,2270,5742,0.28332501248127806,46,4,0,0,0.0006332118202040678,16.77042809200188,6.708171236800752,99.30484581497798,58.57018460466736,,0.0008956672646796346,0.0015428735188964418
dynamic,2023Q4,inner,0.001,training,middle,8060,8060,7888,2204,5684,0.27941176470588236,169,3,0,0,0.001183786478522268,30.88232423844672,12.35292969537869,207.52540834845735,112.70320197044335,,0.0008956672646796346,0.0015428735188964418
dynamic,2023Q4,inner,0.001,training,high,8060,8060,7521,1977,5544,0.2628639808536099,539,0,0,0,0.002450112519828748,63.26299333130963,25.305197332523846,554.4855842185129,324.29023358469743,4320.0,0.0008956672646796346,0.0015428735188964418
dynamic,2023Q4,inner,0.001,evaluation,all,2484,1550,1441,405,1036,0.28105482303955587,105,4,0,934,0.0009040095752993846,24.493327948813278,9.797331179525312,245.41234567901233,133.13899613899613,,0.0008956672646796346,0.0015428735188964418
dynamic,2023Q4,inner,0.001,evaluation,ineligible,934,0,0,0,0,,0,0,0,934,,,,,,,0.0008956672646796346,0.0015428735188964418
dynamic,2023Q4,inner,0.001,evaluation,low,950,950,928,264,664,0.28448275862068967,18,4,0,0,0.0005780448256020354,15.660246472194347,6.264098588877739,129.12121212121212,74.78313253012048,,0.0008956672646796346,0.0015428735188964418
dynamic,2023Q4,inner,0.001,evaluation,middle,426,426,392,116,276,0.29591836734693877,34,0,0,0,0.0011443773375823599,31.048217242612786,12.419286897045117,340.5258620689655,154.86231884057972,,0.0008956672646796346,0.0015428735188964418
dynamic,2023Q4,inner,0.001,evaluation,high,174,174,121,25,96,0.2066115702479339,53,0,0,0,0.0020952155838047546,56.67174498116612,22.66869799246645,1032.12,474.3125,,0.0008956672646796346,0.0015428735188964418
dynamic,2023Q4,refit,temporal,training,all,1187918,823194,799532,220961,578571,0.27636292230955106,23201,461,0,364724,0.0009506178922404131,25.035722410846077,10.014288964338432,233.45275863161373,138.98416070983293,4320.0,0.0005734967864455421,0.0010085393439244984
dynamic,2023Q4,refit,temporal,training,ineligible,364724,0,0,0,0,,0,0,0,364724,,,,,,,0.0005734967864455421,0.0010085393439244984
dynamic,2023Q4,refit,temporal,training,low,274398,274398,272781,76139,196642,0.279121346428087,1354,263,0,0,0.0003988868865347172,10.713191781141859,4.285276712456743,101.42249044510697,58.76636222170238,,0.0005734967864455421,0.0010085393439244984
dynamic,2023Q4,refit,temporal,training,middle,274398,274398,268184,74453,193731,0.27761909733615725,6077,137,0,0,0.0007696292673845199,20.4291438762592,8.171657550503681,184.49834123541027,107.55477440368345,,0.0005734967864455421,0.0010085393439244984
dynamic,2023Q4,refit,temporal,training,high,274398,274398,258567,70369,188198,0.27214996499940053,15770,61,0,0,0.0016833375228020025,43.96483157513717,17.585932630054867,428.1046057212693,255.82692996285706,4320.0,0.0005734967864455421,0.0010085393439244984
dynamic,2023Q4,refit,temporal,evaluation,all,175406,156296,153127,42858,110269,0.2798853239467893,2883,286,0,19110,0.000682896592253856,18.34893148695083,7.33957259478033,294.35904615241026,153.7601611964195,4320.0,0.0005734967864455421,0.0010085393439244984
dynamic,2023Q4,refit,temporal,evaluation,ineligible,19110,0,0,0,0,,0,0,0,19110,,,,,,,0.0005734967864455421,0.0010085393439244984
dynamic,2023Q4,refit,temporal,evaluation,low,81986,81986,81401,22709,58692,0.2789769167454945,531,54,0,0,0.0003627632453773007,9.765745141660071,3.906298056664028,117.23946452948171,71.67462345805221,,0.0005734967864455421,0.0010085393439244984
dynamic,2023Q4,refit,temporal,evaluation,middle,45980,45980,44610,12470,32140,0.27953373683030713,1145,225,0,0,0.0007596083432505268,20.412582587627377,8.165033035050952,294.29190056134723,157.14225264467953,,0.0005734967864455421,0.0010085393439244984
dynamic,2023Q4,refit,temporal,evaluation,high,28330,28330,27116,7679,19437,0.2831907360967694,1207,7,0,0,0.0014848466898957316,39.83902813700025,15.935611254800097,818.2613621565308,400.3596564725597,4320.0,0.0005734967864455421,0.0010085393439244984
dynamic,2023Q4,refit,0.0005,training,all,94738,72854,70428,19567,50861,0.27782984040438463,2392,34,0,21884,0.0013147552797193114,34.27943265064439,13.711773060257755,272.2267593397046,158.61145464962365,4320.0,0.000828582418857549,0.0014191129162532464
dynamic,2023Q4,refit,0.0005,training,ineligible,21884,0,0,0,0,,0,0,0,21884,,,,,,,0.000828582418857549,0.0014191129162532464
dynamic,2023Q4,refit,0.0005,training,low,24286,24286,24065,6876,17189,0.2857261583212134,196,25,0,0,0.0005799416461816229,15.41865442414947,6.167461769659788,106.39281559045956,59.581709232648784,,0.000828582418857549,0.0014191129162532464
dynamic,2023Q4,refit,0.0005,training,middle,24284,24284,23749,6752,16997,0.2843067076508485,526,9,0,0,0.0010903559187886373,28.57112218800188,11.428448875200752,206.5725710900474,110.22345119727011,,0.000828582418857549,0.0014191129162532464
dynamic,2023Q4,refit,0.0005,training,high,24284,24284,22614,5939,16675,0.2626249226143097,1670,0,0,0,0.0022740287925234956,58.8500746899899,23.540029875995955,538.8661390806533,312.26450003043027,4320.0,0.000828582418857549,0.0014191129162532464
dynamic,2023Q4,refit,0.0005,evaluation,all,9258,8418,8192,2359,5833,0.2879638671875,207,19,0,840,0.0009296755954936958,24.96284768501206,9.985139074004822,371.3484527342094,179.4637054960249,4320.0,0.000828582418857549,0.0014191129162532464
dynamic,2023Q4,refit,0.0005,evaluation,ineligible,840,0,0,0,0,,0,0,0,840,,,,,,,0.000828582418857549,0.0014191129162532464
dynamic,2023Q4,refit,0.0005,evaluation,low,4558,4558,4495,1296,3199,0.2883203559510567,50,13,0,0,0.0005290308984688168,14.22729526571382,5.690918106285529,132.47067901234567,72.21350422006877,,0.000828582418857549,0.0014191129162532464
dynamic,2023Q4,refit,0.0005,evaluation,middle,2532,2532,2465,720,1745,0.2920892494929006,61,6,0,0,0.0010720031109420125,28.76334855671205,11.505339422684818,476.87083333333334,199.98968481375357,,0.000828582418857549,0.0014191129162532464
dynamic,2023Q4,refit,0.0005,evaluation,high,1328,1328,1232,343,889,0.2784090909090909,96,0,0,0,0.002033414496039073,54.56358542598872,21.82543417039549,1052.4256559766764,544.3990498812351,4320.0,0.000828582418857549,0.0014191129162532464
dynamic,2023Q4,refit,0.001,training,all,32694,25720,24850,6852,17998,0.2757344064386318,859,11,0,6974,0.0013913627863812719,36.225763089874,14.4903052359496,273.70242265032107,160.82058017997875,4320.0,0.0008733016056357035,0.0015080664701540552
dynamic,2023Q4,refit,0.001,training,ineligible,6974,0,0,0,0,,0,0,0,6974,,,,,,,0.0008733016056357035,0.0015080664701540552
dynamic,2023Q4,refit,0.001,training,low,8574,8574,8506,2414,6092,0.2837996708205972,60,8,0,0,0.000614453746818747,16.315968879772694,6.526387551909077,100.24647887323944,59.21372291529875,,0.0008733016056357035,0.0015080664701540552
dynamic,2023Q4,refit,0.001,training,middle,8574,8574,8379,2345,6034,0.27986633249791143,192,3,0,0,0.0011534266265664657,30.16115038748479,12.064460154993917,204.46140724946696,110.23980775604906,,0.0008733016056357035,0.0015080664701540552
dynamic,2023Q4,refit,0.001,training,high,8572,8572,7965,2093,5872,0.2627746390458255,607,0,0,0,0.0024064447671863624,62.20623029329138,24.88249211731655,551.3387482083134,321.1316565481353,4320.0,0.0008733016056357035,0.0015080664701540552
dynamic,2023Q4,refit,0.001,evaluation,all,3012,2744,2669,760,1909,0.2847508430123642,69,6,0,268,0.0009669984006044254,25.960792701682227,10.38431708067289,370.62894736842105,180.07131537242472,4320.0,0.0008733016056357035,0.0015080664701540552
dynamic,2023Q4,refit,0.001,evaluation,ineligible,268,0,0,0,0,,0,0,0,268,,,,,,,0.0008733016056357035,0.0015080664701540552
dynamic,2023Q4,refit,0.001,evaluation,low,1466,1466,1446,420,1026,0.29045643153526973,15,5,0,0,0.0005591532622969822,15.040000839283179,6.016000335713271,132.87857142857143,75.00194931773879,,0.0008733016056357035,0.0015080664701540552
dynamic,2023Q4,refit,0.001,evaluation,middle,882,882,859,245,614,0.2852153667054715,22,1,0,0,0.0011247237596369772,30.15886070472677,12.063544281890708,517.3387755102041,205.20521172638436,,0.0008733016056357035,0.0015080664701540552
dynamic,2023Q4,refit,0.001,evaluation,high,396,396,364,95,269,0.260989010989011,32,0,0,0,0.0021255519513418025,57.03954242792393,22.815816971169568,1043.378947368421,545.1660079051384,4320.0,0.0008733016056357035,0.0015080664701540552
